Pi,B0,B1,chi_q,R_g,case
0.0001,0.0,0.0,0.5,1.0,symmetric Robin uniform source
0.00010863536378741002,0.0,0.0,0.5,1.0,symmetric Robin uniform source
0.0001180164226522293,0.0,0.0,0.5,1.0,symmetric Robin uniform source
0.00012820757007713678,0.0,0.0,0.5,1.0,symmetric Robin uniform source
0.0001392787601562962,0.0,0.0,0.5,1.0,symmetric Robin uniform source
0.00015130598777438666,0.0,0.0,0.5,1.0,symmetric Robin uniform source
0.00016437181025083926,0.0,0.0,0.5,1.0,symmetric Robin uniform source
0.00017856591402995074,0.0,0.0,0.5,1.0,symmetric Robin uniform source
0.00019398573030675082,0.0,0.0,0.5,1.0,symmetric Robin uniform source
0.00021073710381440283,0.0,0.0,0.5,1.0,symmetric Robin uniform source
0.00022893501936382867,0.0,0.0,0.5,1.0,symmetric Robin uniform source
0.00024870439112267313,0.0,0.0,0.5,1.0,symmetric Robin uniform source
0.000270180920051379,0.0,0.0,0.5,1.0,symmetric Robin uniform source
0.00029351202538198704,0.0,0.0,0.5,1.0,symmetric Robin uniform source
0.0003188578565335172,0.0,0.0,0.5,1.0,symmetric Robin uniform source
0.0003463923924099247,0.0,0.0,0.5,1.0,symmetric Robin uniform source
0.00037630463562643456,0.0,0.0,0.5,1.0,symmetric Robin uniform source
0.00040879990986166496,0.0,0.0,0.5,1.0,symmetric Robin uniform source
0.00044410126924082443,0.0,0.0,0.5,1.0,symmetric Robin uniform source
0.00048245102942427536,0.0,0.0,0.5,1.0,symmetric Robin uniform source
0.0005241124309111661,0.0,0.0,0.5,1.0,symmetric Robin uniform source
0.0005693714459753834,0.0,0.0,0.5,1.0,symmetric Robin uniform source
0.0006185387416369951,0.0,0.0,0.5,1.0,symmetric Robin uniform source
0.0006719518121434184,0.0,0.0,0.5,1.0,symmetric Robin uniform source
0.0007299772955980967,0.0,0.0,0.5,1.0,symmetric Robin uniform source
0.0007930134906384898,0.0,0.0,0.5,1.0,symmetric Robin uniform source
0.0008614930904383629,0.0,0.0,0.5,1.0,symmetric Robin uniform source
0.0009358861528011178,0.0,0.0,0.5,1.0,symmetric Robin uniform source
0.0010167033267314903,0.0,0.0,0.5,1.0,symmetric Robin uniform source
0.0011044993576334544,0.0,0.0,0.5,1.0,symmetric Robin uniform source
0.0011998768951947114,0.0,0.0,0.5,1.0,symmetric Robin uniform source
0.0013034906300958566,0.0,0.0,0.5,1.0,symmetric Robin uniform source
0.001416051787939437,0.0,0.0,0.5,1.0,symmetric Robin uniform source
0.0015383330112461312,0.0,0.0,0.5,1.0,symmetric Robin uniform source
0.0016711736630290555,0.0,0.0,0.5,1.0,symmetric Robin uniform source
0.0018154855883510022,0.0,0.0,0.5,1.0,symmetric Robin uniform source
0.0019722593734131126,0.0,0.0,0.5,1.0,symmetric Robin uniform source
0.002142571145138628,0.0,0.0,0.5,1.0,symmetric Robin uniform source
0.002327589957925428,0.0,0.0,0.5,1.0,symmetric Robin uniform source
0.002528585818271515,0.0,0.0,0.5,0.9999999999999999,symmetric Robin uniform source
0.002746938402356119,0.0,0.0,0.5,0.9999999999999999,symmetric Robin uniform source
0.0029841465264156385,0.0,0.0,0.5,0.9999999999999998,symmetric Robin uniform source
0.0032418384349209924,0.0,0.0,0.5,0.9999999999999998,symmetric Robin uniform source
0.003521782977176503,0.0,0.0,0.5,0.9999999999999997,symmetric Robin uniform source
0.0038259017490587734,0.0,0.0,0.5,0.9999999999999997,symmetric Robin uniform source
0.004156282283238882,0.0,0.0,0.5,0.9999999999999996,symmetric Robin uniform source
0.004515192378428235,0.0,0.0,0.5,0.9999999999999996,symmetric Robin uniform source
0.004905095666006929,0.0,0.0,0.5,0.9999999999999992,symmetric Robin uniform source
0.00532866852088711,0.0,0.0,0.5,0.9999999999999991,symmetric Robin uniform source
0.005788818432690913,0.0,0.0,0.5,0.9999999999999991,symmetric Robin uniform source
0.0062887039633464275,0.0,0.0,0.5,0.9999999999999991,symmetric Robin uniform source
0.00683175642809467,0.0,0.0,0.5,0.9999999999999991,symmetric Robin uniform source
0.007421703448730414,0.0,0.0,0.5,0.999999999999999,symmetric Robin uniform source
0.00806259454075104,0.0,0.0,0.5,0.999999999999999,symmetric Robin uniform source
0.008758828910048764,0.0,0.0,0.5,0.999999999999999,symmetric Robin uniform source
0.009515185649948323,0.0,0.0,0.5,0.9999999999999988,symmetric Robin uniform source
0.010336856545868797,0.0,0.0,0.5,0.9999999999999987,symmetric Robin uniform source
0.011229481712787273,0.0,0.0,0.5,0.9999999999999986,symmetric Robin uniform source
0.01219918831012715,0.0,0.0,0.5,0.9999999999999982,symmetric Robin uniform source
0.01325263259981784,0.0,0.0,0.5,0.999999999999998,symmetric Robin uniform source
0.014397045636221005,0.0,0.0,0.5,0.9999999999999978,symmetric Robin uniform source
0.01564028290154813,0.0,0.0,0.5,0.9999999999999977,symmetric Robin uniform source
0.016990878227476913,0.0,0.0,0.5,0.9999999999999976,symmetric Robin uniform source
0.01845810237309541,0.0,0.0,0.5,0.9999999999999972,symmetric Robin uniform source
0.02005202666126476,0.0,0.0,0.5,0.999999999999997,symmetric Robin uniform source
0.021783592110213423,0.0,0.0,0.5,0.9999999999999967,symmetric Robin uniform source
0.02366468453489592,0.0,0.0,0.5,0.9999999999999964,symmetric Robin uniform source
0.02570821613362717,0.0,0.0,0.5,0.9999999999999961,symmetric Robin uniform source
0.027928214120019515,0.0,0.0,0.5,0.9999999999999957,symmetric Robin uniform source
0.030339917008610013,0.0,0.0,0.5,0.9999999999999953,symmetric Robin uniform source
0.03295987921510181,0.0,0.0,0.5,0.9999999999999948,symmetric Robin uniform source
0.03580608468921683,0.0,0.0,0.5,0.9999999999999944,symmetric Robin uniform source
0.038898070360158826,0.0,0.0,0.5,0.9999999999999939,symmetric Robin uniform source
0.042257060242041254,0.0,0.0,0.5,0.9999999999999934,symmetric Robin uniform source
0.04590611111980657,0.0,0.0,0.5,0.9999999999999928,symmetric Robin uniform source
0.0498702708156546,0.0,0.0,0.5,0.9999999999999922,symmetric Robin uniform source
0.05417675012235295,0.0,0.0,0.5,0.9999999999999916,symmetric Robin uniform source
0.058855109583614236,0.0,0.0,0.5,0.9999999999999908,symmetric Robin uniform source
0.0639374624036382,0.0,0.0,0.5,0.99999999999999,symmetric Robin uniform source
0.06945869487863095,0.0,0.0,0.5,0.9999999999999892,symmetric Robin uniform source
0.07545670586338787,0.0,0.0,0.5,0.9999999999999882,symmetric Robin uniform source
0.08197266691668736,0.0,0.0,0.5,0.9999999999999871,symmetric Robin uniform source
0.08905130491118532,0.0,0.0,0.5,0.999999999999986,symmetric Robin uniform source
0.09674120904770199,0.0,0.0,0.5,0.9999999999999849,symmetric Robin uniform source
0.10509516438130988,0.0,0.0,0.5,0.9999999999999835,symmetric Robin uniform source
0.11417051414861255,0.0,0.0,0.5,0.999999999999982,symmetric Robin uniform source
0.12402955338330181,0.0,0.0,0.5,0.9999999999999805,symmetric Robin uniform source
0.13473995652184997,0.0,0.0,0.5,0.9999999999999788,symmetric Robin uniform source
0.14637524193450982,0.0,0.0,0.5,0.999999999999977,symmetric Robin uniform source
0.1590152765702563,0.0,0.0,0.5,0.9999999999999749,symmetric Robin uniform source
0.17274682417965428,0.0,0.0,0.5,0.9999999999999727,symmetric Robin uniform source
0.1876641408787652,0.0,0.0,0.5,0.9999999999999702,symmetric Robin uniform source
0.20386962214216423,0.0,0.0,0.5,0.9999999999999678,symmetric Robin uniform source
0.2214745056661583,0.0,0.0,0.5,0.999999999999965,symmetric Robin uniform source
0.24059963492679937,0.0,0.0,0.5,0.9999999999999619,symmetric Robin uniform source
0.26137628867390916,0.0,0.0,0.5,0.9999999999999587,symmetric Robin uniform source
0.28394708205493224,0.0,0.0,0.5,0.9999999999999551,symmetric Robin uniform source
0.30846694555411125,0.0,0.0,0.5,0.9999999999999512,symmetric Robin uniform source
0.33510418846662116,0.0,0.0,0.5,0.9999999999999469,symmetric Robin uniform source
0.36404165420756235,0.0,0.0,0.5,0.9999999999999424,symmetric Robin uniform source
0.3954779753860906,0.0,0.0,0.5,0.9999999999999374,symmetric Robin uniform source
0.4296289372597634,0.0,0.0,0.5,0.9999999999999318,symmetric Robin uniform source
0.466728958928128,0.0,0.0,0.5,0.9999999999999261,symmetric Robin uniform source
0.5070327024327639,0.0,0.0,0.5,0.9999999999999196,symmetric Robin uniform source
0.5508168208089692,0.0,0.0,0.5,0.9999999999999127,symmetric Robin uniform source
0.5983818570880701,0.0,0.0,0.5,0.9999999999999053,symmetric Robin uniform source
0.6500543072854856,0.0,0.0,0.5,0.999999999999897,symmetric Robin uniform source
0.7061888615353162,0.0,0.0,0.5,0.9999999999998879,symmetric Robin uniform source
0.7671708387550601,0.0,0.0,0.5,0.9999999999998782,symmetric Robin uniform source
0.8334188315524842,0.0,0.0,0.5,0.9999999999998678,symmetric Robin uniform source
0.9053875795298242,0.0,0.0,0.5,0.9999999999998566,symmetric Robin uniform source
0.9835710907082518,0.0,0.0,0.5,0.9999999999998441,symmetric Robin uniform source
1.068506032498706,0.0,0.0,0.5,0.9999999999998306,symmetric Robin uniform source
1.1607754154953907,0.0,0.0,0.5,0.9999999999998159,symmetric Robin uniform source
1.2610125953782378,0.0,0.0,0.5,0.9999999999997999,symmetric Robin uniform source
1.3699056203942124,0.0,0.0,0.5,0.9999999999997828,symmetric Robin uniform source
1.488201954259429,0.0,0.0,0.5,0.9999999999997639,symmetric Robin uniform source
1.616713606901076,0.0,0.0,0.5,0.9999999999997434,symmetric Robin uniform source
1.7563227082575454,0.0,0.0,0.5,0.9999999999997212,symmetric Robin uniform source
1.9079875633964765,0.0,0.0,0.5,0.9999999999996971,symmetric Robin uniform source
2.0727492305143027,0.0,0.0,0.5,0.9999999999996709,symmetric Robin uniform source
2.251738666969955,0.0,0.0,0.5,0.9999999999996425,symmetric Robin uniform source
2.4461844924045875,0.0,0.0,0.5,0.9999999999996115,symmetric Robin uniform source
2.6574214222349384,0.0,0.0,0.5,0.9999999999995781,symmetric Robin uniform source
2.8868994294094907,0.0,0.0,0.5,0.9999999999995415,symmetric Robin uniform source
3.1361936973156643,0.0,0.0,0.5,0.999999999999502,symmetric Robin uniform source
3.4070154321567037,0.0,0.0,0.5,0.999999999999459,symmetric Robin uniform source
3.701223609016635,0.0,0.0,0.5,0.9999999999994122,symmetric Robin uniform source
4.020837732240728,0.0,0.0,0.5,0.9999999999993615,symmetric Robin uniform source
4.368051697721162,0.0,0.0,0.5,0.9999999999993064,symmetric Robin uniform source
4.745248852241524,0.0,0.0,0.5,0.9999999999992464,symmetric Robin uniform source
5.155018353250489,0.0,0.0,0.5,0.9999999999991814,symmetric Robin uniform source
5.600172941361422,0.0,0.0,0.5,0.9999999999991107,symmetric Robin uniform source
6.083768247572081,0.0,0.0,0.5,0.9999999999990339,symmetric Robin uniform source
6.609123767732884,0.0,0.0,0.5,0.9999999999989505,symmetric Robin uniform source
7.179845648236798,0.0,0.0,0.5,0.9999999999988597,symmetric Robin uniform source
7.799851439336574,0.0,0.0,0.5,0.9999999999987613,symmetric Robin uniform source
8.473396986000823,0.0,0.0,0.5,0.9999999999986544,symmetric Robin uniform source
9.20510564089343,0.0,0.0,0.5,0.9999999999985381,symmetric Robin uniform source
10.0,0.0,0.0,0.5,0.9999999999984119,symmetric Robin uniform source
0.0001,0.1,0.1,0.5,0.9999900033673494,symmetric Robin uniform source
0.00010863536378741002,0.1,0.1,0.5,0.9999891403908502,symmetric Robin uniform source
0.0001180164226522293,0.1,0.1,0.5,0.9999882029343782,symmetric Robin uniform source
0.00012820757007713678,0.1,0.1,0.5,0.9999871845721302,symmetric Robin uniform source
0.0001392787601562962,0.1,0.1,0.5,0.9999860783241417,symmetric Robin uniform source
0.00015130598777438666,0.1,0.1,0.5,0.9999848766085138,symmetric Robin uniform source
0.00016437181025083926,0.1,0.1,0.5,0.9999835711895204,symmetric Robin uniform source
0.00017856591402995074,0.1,0.1,0.5,0.9999821531212469,symmetric Robin uniform source
0.00019398573030675082,0.1,0.1,0.5,0.9999806126863737,symmetric Robin uniform source
0.00021073710381440283,0.1,0.1,0.5,0.9999789393296848,symmetric Robin uniform source
0.00022893501936382867,0.1,0.1,0.5,0.9999771215858545,symmetric Robin uniform source
0.00024870439112267313,0.1,0.1,0.5,0.9999751470010171,symmetric Robin uniform source
0.000270180920051379,0.1,0.1,0.5,0.9999730020475865,symmetric Robin uniform source
0.00029351202538198704,0.1,0.1,0.5,0.9999706720317487,symmetric Robin uniform source
0.0003188578565335172,0.1,0.1,0.5,0.9999681409929968,symmetric Robin uniform source
0.0003463923924099247,0.1,0.1,0.5,0.9999653915950291,symmetric Robin uniform source
0.00037630463562643456,0.1,0.1,0.5,0.9999624050072657,symmetric Robin uniform source
0.00040879990986166496,0.1,0.1,0.5,0.9999591607761833,symmetric Robin uniform source
0.00044410126924082443,0.1,0.1,0.5,0.9999556366855886,symmetric Robin uniform source
0.00048245102942427536,0.1,0.1,0.5,0.999951808604891,symmetric Robin uniform source
0.0005241124309111661,0.1,0.1,0.5,0.999947650324333,symmetric Robin uniform source
0.0005693714459753834,0.1,0.1,0.5,0.999943133376072,symmetric Robin uniform source
0.0006185387416369951,0.1,0.1,0.5,0.9999382268398891,symmetric Robin uniform source
0.0006719518121434184,0.1,0.1,0.5,0.9999328971322156,symmetric Robin uniform source
0.0007299772955980967,0.1,0.1,0.5,0.9999271077770429,symmetric Robin uniform source
0.0007930134906384898,0.1,0.1,0.5,0.9999208191571686,symmetric Robin uniform source
0.0008614930904383629,0.1,0.1,0.5,0.9999139882440903,symmetric Robin uniform source
0.0009358861528011178,0.1,0.1,0.5,0.9999065683047264,symmetric Robin uniform source
0.0010167033267314903,0.1,0.1,0.5,0.99989850858298,symmetric Robin uniform source
0.0011044993576334544,0.1,0.1,0.5,0.9998897539539947,symmetric Robin uniform source
0.0011998768951947114,0.1,0.1,0.5,0.9998802445487716,symmetric Robin uniform source
0.0013034906300958566,0.1,0.1,0.5,0.9998699153466171,symmetric Robin uniform source
0.001416051787939437,0.1,0.1,0.5,0.9998586957326772,symmetric Robin uniform source
0.0015383330112461312,0.1,0.1,0.5,0.9998465090175715,symmetric Robin uniform source
0.0016711736630290555,0.1,0.1,0.5,0.9998332719159118,symmetric Robin uniform source
0.0018154855883510022,0.1,0.1,0.5,0.9998188939801868,symmetric Robin uniform source
0.0019722593734131126,0.1,0.1,0.5,0.9998032769862175,symmetric Robin uniform source
0.002142571145138628,0.1,0.1,0.5,0.999786314266065,symmetric Robin uniform source
0.002327589957925428,0.1,0.1,0.5,0.9997678899839146,symmetric Robin uniform source
0.002528585818271515,0.1,0.1,0.5,0.9997478783500924,symmetric Robin uniform source
0.002746938402356119,0.1,0.1,0.5,0.9997261427679576,symmetric Robin uniform source
0.0029841465264156385,0.1,0.1,0.5,0.9997025349079748,symmetric Robin uniform source
0.0032418384349209924,0.1,0.1,0.5,0.9996768937027838,symmetric Robin uniform source
0.003521782977176503,0.1,0.1,0.5,0.9996490442565791,symmetric Robin uniform source
0.0038259017490587734,0.1,0.1,0.5,0.9996187966615298,symmetric Robin uniform source
0.004156282283238882,0.1,0.1,0.5,0.9995859447133854,symmetric Robin uniform source
0.004515192378428235,0.1,0.1,0.5,0.9995502645177345,symmetric Robin uniform source
0.004905095666006929,0.1,0.1,0.5,0.9995115129776845,symmetric Robin uniform source
0.00532866852088711,0.1,0.1,0.5,0.9994694261529502,symmetric Robin uniform source
0.005788818432690913,0.1,0.1,0.5,0.9994237174795169,symmetric Robin uniform source
0.0062887039633464275,0.1,0.1,0.5,0.9993740758381241,symmetric Robin uniform source
0.00683175642809467,0.1,0.1,0.5,0.9993201634588597,symmetric Robin uniform source
0.007421703448730414,0.1,0.1,0.5,0.9992616136480872,symmetric Robin uniform source
0.00806259454075104,0.1,0.1,0.5,0.9991980283227906,symmetric Robin uniform source
0.008758828910048764,0.1,0.1,0.5,0.9991289753361949,symmetric Robin uniform source
0.009515185649948323,0.1,0.1,0.5,0.9990539855771776,symmetric Robin uniform source
0.010336856545868797,0.1,0.1,0.5,0.9989725498245663,symmetric Robin uniform source
0.011229481712787273,0.1,0.1,0.5,0.9988841153358389,symmetric Robin uniform source
0.01219918831012715,0.1,0.1,0.5,0.998788082148093,symmetric Robin uniform source
0.01325263259981784,0.1,0.1,0.5,0.9986837990673185,symmetric Robin uniform source
0.014397045636221005,0.1,0.1,0.5,0.9985705593200681,symmetric Robin uniform source
0.01564028290154813,0.1,0.1,0.5,0.9984475958395045,symmetric Robin uniform source
0.016990878227476913,0.1,0.1,0.5,0.9983140761555329,symmetric Robin uniform source
0.01845810237309541,0.1,0.1,0.5,0.9981690968562849,symmetric Robin uniform source
0.02005202666126476,0.1,0.1,0.5,0.9980116775855723,symmetric Robin uniform source
0.021783592110213423,0.1,0.1,0.5,0.9978407545381051,symmetric Robin uniform source
0.02366468453489592,0.1,0.1,0.5,0.9976551734112432,symmetric Robin uniform source
0.02570821613362717,0.1,0.1,0.5,0.9974536817688116,symmetric Robin uniform source
0.027928214120019515,0.1,0.1,0.5,0.9972349207691316,symmetric Robin uniform source
0.030339917008610013,0.1,0.1,0.5,0.9969974162058878,symmetric Robin uniform source
0.03295987921510181,0.1,0.1,0.5,0.9967395688068781,symmetric Robin uniform source
0.03580608468921683,0.1,0.1,0.5,0.9964596437321502,symmetric Robin uniform source
0.038898070360158826,0.1,0.1,0.5,0.9961557592096628,symmetric Robin uniform source
0.042257060242041254,0.1,0.1,0.5,0.9958258742435284,symmetric Robin uniform source
0.04590611111980657,0.1,0.1,0.5,0.9954677753272475,symmetric Robin uniform source
0.0498702708156546,0.1,0.1,0.5,0.995079062092233,symmetric Robin uniform source
0.05417675012235295,0.1,0.1,0.5,0.994657131820389,symmetric Robin uniform source
0.058855109583614236,0.1,0.1,0.5,0.9941991627485863,symmetric Robin uniform source
0.0639374624036382,0.1,0.1,0.5,0.9937020960924866,symmetric Robin uniform source
0.06945869487863095,0.1,0.1,0.5,0.9931626167172222,symmetric Robin uniform source
0.07545670586338787,0.1,0.1,0.5,0.9925771323827989,symmetric Robin uniform source
0.08197266691668736,0.1,0.1,0.5,0.9919417514926432,symmetric Robin uniform source
0.08905130491118532,0.1,0.1,0.5,0.9912522592743421,symmetric Robin uniform source
0.09674120904770199,0.1,0.1,0.5,0.9905040923223765,symmetric Robin uniform source
0.10509516438130988,0.1,0.1,0.5,0.9896923114336237,symmetric Robin uniform source
0.11417051414861255,0.1,0.1,0.5,0.9888115726680028,symmetric Robin uniform source
0.12402955338330181,0.1,0.1,0.5,0.9878560965694134,symmetric Robin uniform source
0.13473995652184997,0.1,0.1,0.5,0.9868196354869957,symmetric Robin uniform source
0.14637524193450982,0.1,0.1,0.5,0.9856954389447954,symmetric Robin uniform source
0.1590152765702563,0.1,0.1,0.5,0.9844762170205273,symmetric Robin uniform source
0.17274682417965428,0.1,0.1,0.5,0.9831541017126231,symmetric Robin uniform source
0.1876641408787652,0.1,0.1,0.5,0.9817206063005122,symmetric Robin uniform source
0.20386962214216423,0.1,0.1,0.5,0.9801665827372192,symmetric Robin uniform source
0.2214745056661583,0.1,0.1,0.5,0.9784821771568019,symmetric Robin uniform source
0.24059963492679937,0.1,0.1,0.5,0.976656783632637,symmetric Robin uniform source
0.26137628867390916,0.1,0.1,0.5,0.9746789963867183,symmetric Robin uniform source
0.28394708205493224,0.1,0.1,0.5,0.9725365607258586,symmetric Robin uniform source
0.30846694555411125,0.1,0.1,0.5,0.9702163230691345,symmetric Robin uniform source
0.33510418846662116,0.1,0.1,0.5,0.9677041805337819,symmetric Robin uniform source
0.36404165420756235,0.1,0.1,0.5,0.9649850306662512,symmetric Robin uniform source
0.3954779753860906,0.1,0.1,0.5,0.9620427220437819,symmetric Robin uniform source
0.4296289372597634,0.1,0.1,0.5,0.9588600066324536,symmetric Robin uniform source
0.466728958928128,0.1,0.1,0.5,0.9554184949728791,symmetric Robin uniform source
0.5070327024327639,0.1,0.1,0.5,0.9516986154770849,symmetric Robin uniform source
0.5508168208089692,0.1,0.1,0.5,0.9476795793617983,symmetric Robin uniform source
0.5983818570880701,0.1,0.1,0.5,0.9433393530160469,symmetric Robin uniform source
0.6500543072854856,0.1,0.1,0.5,0.9386546399057545,symmetric Robin uniform source
0.7061888615353162,0.1,0.1,0.5,0.9336008744550383,symmetric Robin uniform source
0.7671708387550601,0.1,0.1,0.5,0.9281522307122095,symmetric Robin uniform source
0.8334188315524842,0.1,0.1,0.5,0.9222816490052941,symmetric Robin uniform source
0.9053875795298242,0.1,0.1,0.5,0.9159608842123235,symmetric Robin uniform source
0.9835710907082518,0.1,0.1,0.5,0.9091605797077845,symmetric Robin uniform source
1.068506032498706,0.1,0.1,0.5,0.9018503714868312,symmetric Robin uniform source
1.1607754154953907,0.1,0.1,0.5,0.8939990273968891,symmetric Robin uniform source
1.2610125953782378,0.1,0.1,0.5,0.8855746268000249,symmetric Robin uniform source
1.3699056203942124,0.1,0.1,0.5,0.8765447863201152,symmetric Robin uniform source
1.488201954259429,0.1,0.1,0.5,0.8668769375594663,symmetric Robin uniform source
1.616713606901076,0.1,0.1,0.5,0.8565386627540701,symmetric Robin uniform source
1.7563227082575454,0.1,0.1,0.5,0.8454980942189839,symmetric Robin uniform source
1.9079875633964765,0.1,0.1,0.5,0.833724383048391,symmetric Robin uniform source
2.0727492305143027,0.1,0.1,0.5,0.8211882418010609,symmetric Robin uniform source
2.251738666969955,0.1,0.1,0.5,0.8078625647334727,symmetric Robin uniform source
2.4461844924045875,0.1,0.1,0.5,0.7937231274442924,symmetric Robin uniform source
2.6574214222349384,0.1,0.1,0.5,0.7787493654658877,symmetric Robin uniform source
2.8868994294094907,0.1,0.1,0.5,0.7629252282841834,symmetric Robin uniform source
3.1361936973156643,0.1,0.1,0.5,0.7462401014021472,symmetric Robin uniform source
3.4070154321567037,0.1,0.1,0.5,0.7286897843237057,symmetric Robin uniform source
3.701223609016635,0.1,0.1,0.5,0.710277506704149,symmetric Robin uniform source
4.020837732240728,0.1,0.1,0.5,0.6910149584323059,symmetric Robin uniform source
4.368051697721162,0.1,0.1,0.5,0.6709233022077099,symmetric Robin uniform source
4.745248852241524,0.1,0.1,0.5,0.6500341294952533,symmetric Robin uniform source
5.155018353250489,0.1,0.1,0.5,0.6283903129647126,symmetric Robin uniform source
5.600172941361422,0.1,0.1,0.5,0.6060467012035868,symmetric Robin uniform source
6.083768247572081,0.1,0.1,0.5,0.5830705953616981,symmetric Robin uniform source
6.609123767732884,0.1,0.1,0.5,0.5595419433604492,symmetric Robin uniform source
7.179845648236798,0.1,0.1,0.5,0.5355531864518055,symmetric Robin uniform source
7.799851439336574,0.1,0.1,0.5,0.5112086964142211,symmetric Robin uniform source
8.473396986000823,0.1,0.1,0.5,0.4866237506923041,symmetric Robin uniform source
9.20510564089343,0.1,0.1,0.5,0.46192300833242705,symmetric Robin uniform source
10.0,0.1,0.1,0.5,0.4372384722816403,symmetric Robin uniform source
0.0001,0.3,0.3,0.5,0.9999700302899689,symmetric Robin uniform source
0.00010863536378741002,0.3,0.3,0.5,0.9999674447155957,symmetric Robin uniform source
0.0001180164226522293,0.3,0.3,0.5,0.9999646362374828,symmetric Robin uniform source
0.00012820757007713678,0.3,0.3,0.5,0.9999615856592475,symmetric Robin uniform source
0.0001392787601562962,0.3,0.3,0.5,0.9999582721333704,symmetric Robin uniform source
0.00015130598777438666,0.3,0.3,0.5,0.9999546730193227,symmetric Robin uniform source
0.00016437181025083926,0.3,0.3,0.5,0.9999507637295205,symmetric Robin uniform source
0.00017856591402995074,0.3,0.3,0.5,0.9999465175620634,symmetric Robin uniform source
0.00019398573030675082,0.3,0.3,0.5,0.9999419055191368,symmetric Robin uniform source
0.00021073710381440283,0.3,0.3,0.5,0.9999368961098547,symmetric Robin uniform source
0.00022893501936382867,0.3,0.3,0.5,0.9999314551362286,symmetric Robin uniform source
0.00024870439112267313,0.3,0.3,0.5,0.9999255454608308,symmetric Robin uniform source
0.000270180920051379,0.3,0.3,0.5,0.9999191267546014,symmetric Robin uniform source
0.00029351202538198704,0.3,0.3,0.5,0.9999121552231225,symmetric Robin uniform source
0.0003188578565335172,0.3,0.3,0.5,0.9999045833095422,symmetric Robin uniform source
0.0003463923924099247,0.3,0.3,0.5,0.9998963593721673,symmetric Robin uniform source
0.00037630463562643456,0.3,0.3,0.5,0.9998874273345881,symmetric Robin uniform source
0.00040879990986166496,0.3,0.3,0.5,0.9998777263060123,symmetric Robin uniform source
0.00044410126924082443,0.3,0.3,0.5,0.999867190169283,symmetric Robin uniform source
0.00048245102942427536,0.3,0.3,0.5,0.9998557471338446,symmetric Robin uniform source
0.0005241124309111661,0.3,0.3,0.5,0.9998433192506949,symmetric Robin uniform source
0.0005693714459753834,0.3,0.3,0.5,0.9998298218861015,symmetric Robin uniform source
0.0006185387416369951,0.3,0.3,0.5,0.9998151631505963,symmetric Robin uniform source
0.0006719518121434184,0.3,0.3,0.5,0.9997992432794764,symmetric Robin uniform source
0.0007299772955980967,0.3,0.3,0.5,0.9997819539607213,symmetric Robin uniform source
0.0007930134906384898,0.3,0.3,0.5,0.9997631776058935,symmetric Robin uniform source
0.0008614930904383629,0.3,0.3,0.5,0.9997427865592404,symmetric Robin uniform source
0.0009358861528011178,0.3,0.3,0.5,0.9997206422398082,symmetric Robin uniform source
0.0010167033267314903,0.3,0.3,0.5,0.999696594210951,symmetric Robin uniform source
0.0011044993576334544,0.3,0.3,0.5,0.9996704791711699,symmetric Robin uniform source
0.0011998768951947114,0.3,0.3,0.5,0.9996421198596992,symmetric Robin uniform source
0.0013034906300958566,0.3,0.3,0.5,0.9996113238697377,symmetric Robin uniform source
0.001416051787939437,0.3,0.3,0.5,0.9995778823616233,symmetric Robin uniform source
0.0015383330112461312,0.3,0.3,0.5,0.999541568667633,symmetric Robin uniform source
0.0016711736630290555,0.3,0.3,0.5,0.9995021367794062,symmetric Robin uniform source
0.0018154855883510022,0.3,0.3,0.5,0.9994593197082582,symmetric Robin uniform source
0.0019722593734131126,0.3,0.3,0.5,0.9994128277078658,symmetric Robin uniform source
0.002142571145138628,0.3,0.3,0.5,0.9993623463479526,symmetric Robin uniform source
0.002327589957925428,0.3,0.3,0.5,0.9993075344266924,symmetric Robin uniform source
0.002528585818271515,0.3,0.3,0.5,0.9992480217085482,symmetric Robin uniform source
0.002746938402356119,0.3,0.3,0.5,0.9991834064732249,symmetric Robin uniform source
0.0029841465264156385,0.3,0.3,0.5,0.9991132528602487,symmetric Robin uniform source
0.0032418384349209924,0.3,0.3,0.5,0.999037087992469,symmetric Robin uniform source
0.003521782977176503,0.3,0.3,0.5,0.9989543988604529,symmetric Robin uniform source
0.0038259017490587734,0.3,0.3,0.5,0.9988646289483181,symmetric Robin uniform source
0.004156282283238882,0.3,0.3,0.5,0.9987671745800306,symmetric Robin uniform source
0.004515192378428235,0.3,0.3,0.5,0.9986613809635382,symmetric Robin uniform source
0.004905095666006929,0.3,0.3,0.5,0.9985465379083741,symmetric Robin uniform source
0.00532866852088711,0.3,0.3,0.5,0.998421875190449,symmetric Robin uniform source
0.005788818432690913,0.3,0.3,0.5,0.9982865575357542,symmetric Robin uniform source
0.0062887039633464275,0.3,0.3,0.5,0.9981396791925045,symmetric Robin uniform source
0.00683175642809467,0.3,0.3,0.5,0.9979802580589495,symmetric Robin uniform source
0.007421703448730414,0.3,0.3,0.5,0.9978072293315833,symmetric Robin uniform source
0.00806259454075104,0.3,0.3,0.5,0.9976194386358355,symmetric Robin uniform source
0.008758828910048764,0.3,0.3,0.5,0.9974156345984889,symmetric Robin uniform source
0.009515185649948323,0.3,0.3,0.5,0.9971944608180356,symmetric Robin uniform source
0.010336856545868797,0.3,0.3,0.5,0.9969544471859655,symmetric Robin uniform source
0.011229481712787273,0.3,0.3,0.5,0.9966940005085256,symmetric Robin uniform source
0.01219918831012715,0.3,0.3,0.5,0.9964113943748407,symmetric Robin uniform source
0.01325263259981784,0.3,0.3,0.5,0.9961047582133808,symmetric Robin uniform source
0.014397045636221005,0.3,0.3,0.5,0.9957720654746245,symmetric Robin uniform source
0.01564028290154813,0.3,0.3,0.5,0.9954111208733818,symmetric Robin uniform source
0.016990878227476913,0.3,0.3,0.5,0.9950195466195875,symmetric Robin uniform source
0.01845810237309541,0.3,0.3,0.5,0.9945947675614673,symmetric Robin uniform source
0.02005202666126476,0.3,0.3,0.5,0.9941339951598196,symmetric Robin uniform source
0.021783592110213423,0.3,0.3,0.5,0.9936342102067803,symmetric Robin uniform source
0.02366468453489592,0.3,0.3,0.5,0.9930921441969488,symmetric Robin uniform source
0.02570821613362717,0.3,0.3,0.5,0.9925042592533245,symmetric Robin uniform source
0.027928214120019515,0.3,0.3,0.5,0.9918667265054626,symmetric Robin uniform source
0.030339917008610013,0.3,0.3,0.5,0.9911754028131479,symmetric Robin uniform source
0.03295987921510181,0.3,0.3,0.5,0.9904258057264472,symmetric Robin uniform source
0.03580608468921683,0.3,0.3,0.5,0.9896130865732651,symmetric Robin uniform source
0.038898070360158826,0.3,0.3,0.5,0.9887320015696686,symmetric Robin uniform source
0.042257060242041254,0.3,0.3,0.5,0.987776880857592,symmetric Robin uniform source
0.04590611111980657,0.3,0.3,0.5,0.98674159539022,symmetric Robin uniform source
0.0498702708156546,0.3,0.3,0.5,0.9856195216084057,symmetric Robin uniform source
0.05417675012235295,0.3,0.3,0.5,0.9844035038823393,symmetric Robin uniform source
0.058855109583614236,0.3,0.3,0.5,0.9830858147313862,symmetric Robin uniform source
0.0639374624036382,0.3,0.3,0.5,0.9816581128809383,symmetric Robin uniform source
0.06945869487863095,0.3,0.3,0.5,0.9801113992672443,symmetric Robin uniform source
0.07545670586338787,0.3,0.3,0.5,0.978435971158145,symmetric Robin uniform source
0.08197266691668736,0.3,0.3,0.5,0.9766213746180815,symmetric Robin uniform source
0.08905130491118532,0.3,0.3,0.5,0.9746563556086147,symmetric Robin uniform source
0.09674120904770199,0.3,0.3,0.5,0.9725288100806262,symmetric Robin uniform source
0.10509516438130988,0.3,0.3,0.5,0.9702257334822262,symmetric Robin uniform source
0.11417051414861255,0.3,0.3,0.5,0.9677331701794332,symmetric Robin uniform source
0.12402955338330181,0.3,0.3,0.5,0.9650361633691589,symmetric Robin uniform source
0.13473995652184997,0.3,0.3,0.5,0.9621187061618787,symmetric Robin uniform source
0.14637524193450982,0.3,0.3,0.5,0.958963694632115,symmetric Robin uniform source
0.1590152765702563,0.3,0.3,0.5,0.9555528837865883,symmetric Robin uniform source
0.17274682417965428,0.3,0.3,0.5,0.9518668475901044,symmetric Robin uniform source
0.1876641408787652,0.3,0.3,0.5,0.9478849444234964,symmetric Robin uniform source
0.20386962214216423,0.3,0.3,0.5,0.9435852896285749,symmetric Robin uniform source
0.2214745056661583,0.3,0.3,0.5,0.9389447371207006,symmetric Robin uniform source
0.24059963492679937,0.3,0.3,0.5,0.9339388724153589,symmetric Robin uniform source
0.26137628867390916,0.3,0.3,0.5,0.9285420198134811,symmetric Robin uniform source
0.28394708205493224,0.3,0.3,0.5,0.9227272669124691,symmetric Robin uniform source
0.30846694555411125,0.3,0.3,0.5,0.9164665100469619,symmetric Robin uniform source
0.33510418846662116,0.3,0.3,0.5,0.9097305247064854,symmetric Robin uniform source
0.36404165420756235,0.3,0.3,0.5,0.9024890654164965,symmetric Robin uniform source
0.3954779753860906,0.3,0.3,0.5,0.8947109999926047,symmetric Robin uniform source
0.4296289372597634,0.3,0.3,0.5,0.886364483467393,symmetric Robin uniform source
0.466728958928128,0.3,0.3,0.5,0.8774171773203743,symmetric Robin uniform source
0.5070327024327639,0.3,0.3,0.5,0.8678365198800979,symmetric Robin uniform source
0.5508168208089692,0.3,0.3,0.5,0.8575900538689547,symmetric Robin uniform source
0.5983818570880701,0.3,0.3,0.5,0.8466458169706111,symmetric Robin uniform source
0.6500543072854856,0.3,0.3,0.5,0.8349728009510922,symmetric Robin uniform source
0.7061888615353162,0.3,0.3,0.5,0.8225414841803647,symmetric Robin uniform source
0.7671708387550601,0.3,0.3,0.5,0.8093244412949883,symmetric Robin uniform source
0.8334188315524842,0.3,0.3,0.5,0.7952970321191527,symmetric Robin uniform source
0.9053875795298242,0.3,0.3,0.5,0.7804381697220034,symmetric Robin uniform source
0.9835710907082518,0.3,0.3,0.5,0.7647311645358821,symmetric Robin uniform source
1.068506032498706,0.3,0.3,0.5,0.7481646377055733,symmetric Robin uniform source
1.1607754154953907,0.3,0.3,0.5,0.7307334922179793,symmetric Robin uniform source
1.2610125953782378,0.3,0.3,0.5,0.7124399248486669,symmetric Robin uniform source
1.3699056203942124,0.3,0.3,0.5,0.6932944555891924,symmetric Robin uniform source
1.488201954259429,0.3,0.3,0.5,0.6733169441029787,symmetric Robin uniform source
1.616713606901076,0.3,0.3,0.5,0.6525375551238565,symmetric Robin uniform source
1.7563227082575454,0.3,0.3,0.5,0.630997626924378,symmetric Robin uniform source
1.9079875633964765,0.3,0.3,0.5,0.608750389568114,symmetric Robin uniform source
2.0727492305143027,0.3,0.3,0.5,0.5858614733297526,symmetric Robin uniform source
2.251738666969955,0.3,0.3,0.5,0.562409143310918,symmetric Robin uniform source
2.4461844924045875,0.3,0.3,0.5,0.5384841949530662,symmetric Robin uniform source
2.6574214222349384,0.3,0.3,0.5,0.5141894480153115,symmetric Robin uniform source
2.8868994294094907,0.3,0.3,0.5,0.489638784819746,symmetric Robin uniform source
3.1361936973156643,0.3,0.3,0.5,0.46495569320911023,symmetric Robin uniform source
3.4070154321567037,0.3,0.3,0.5,0.44027129641592044,symmetric Robin uniform source
3.701223609016635,0.3,0.3,0.5,0.41572188103539787,symmetric Robin uniform source
4.020837732240728,0.3,0.3,0.5,0.3914459698141301,symmetric Robin uniform source
4.368051697721162,0.3,0.3,0.5,0.3675810262181811,symmetric Robin uniform source
4.745248852241524,0.3,0.3,0.5,0.3442599196921176,symmetric Robin uniform source
5.155018353250489,0.3,0.3,0.5,0.3216073198820264,symmetric Robin uniform source
5.600172941361422,0.3,0.3,0.5,0.29973621957494806,symmetric Robin uniform source
6.083768247572081,0.3,0.3,0.5,0.2787448039256586,symmetric Robin uniform source
6.609123767732884,0.3,0.3,0.5,0.25871388228692027,symmetric Robin uniform source
7.179845648236798,0.3,0.3,0.5,0.23970507469173963,symmetric Robin uniform source
7.799851439336574,0.3,0.3,0.5,0.22175989649377947,symmetric Robin uniform source
8.473396986000823,0.3,0.3,0.5,0.20489981430327395,symmetric Robin uniform source
9.20510564089343,0.3,0.3,0.5,0.18912726084009435,symmetric Robin uniform source
10.0,0.3,0.3,0.5,0.17442750624720627,symmetric Robin uniform source
0.0001,1.0,1.0,0.5,0.9999003359273392,symmetric Robin uniform source
0.00010863536378741002,1.0,1.0,0.5,0.999891756344326,symmetric Robin uniform source
0.0001180164226522293,1.0,1.0,0.5,0.9998824399683626,symmetric Robin uniform source
0.00012820757007713678,1.0,1.0,0.5,0.999872323748325,symmetric Robin uniform source
0.0001392787601562962,1.0,1.0,0.5,0.9998613392597817,symmetric Robin uniform source
0.00015130598777438666,1.0,1.0,0.5,0.9998494122486317,symmetric Robin uniform source
0.00016437181025083926,1.0,1.0,0.5,0.9998364621361343,symmetric Robin uniform source
0.00017856591402995074,1.0,1.0,0.5,0.9998224014821356,symmetric Robin uniform source
0.00019398573030675082,1.0,1.0,0.5,0.9998071354030557,symmetric Robin uniform source
0.00021073710381440283,1.0,1.0,0.5,0.9997905609409419,symmetric Robin uniform source
0.00022893501936382867,1.0,1.0,0.5,0.9997725663796162,symmetric Robin uniform source
0.00024870439112267313,1.0,1.0,0.5,0.9997530305036504,symmetric Robin uniform source
0.000270180920051379,1.0,1.0,0.5,0.9997318217955646,symmetric Robin uniform source
0.00029351202538198704,1.0,1.0,0.5,0.9997087975663017,symmetric Robin uniform source
0.0003188578565335172,1.0,1.0,0.5,0.9996838030136272,symmetric Robin uniform source
0.0003463923924099247,1.0,1.0,0.5,0.9996566702026777,symmetric Robin uniform source
0.00037630463562643456,1.0,1.0,0.5,0.9996272169624081,symmetric Robin uniform source
0.00040879990986166496,1.0,1.0,0.5,0.9995952456911743,symmetric Robin uniform source
0.00044410126924082443,1.0,1.0,0.5,0.9995605420641221,symmetric Robin uniform source
0.00048245102942427536,1.0,1.0,0.5,0.9995228736344647,symmetric Robin uniform source
0.0005241124309111661,1.0,1.0,0.5,0.9994819883200798,symmetric Robin uniform source
0.0005693714459753834,1.0,1.0,0.5,0.9994376127661925,symmetric Robin uniform source
0.0006185387416369951,1.0,1.0,0.5,0.9993894505741827,symmetric Robin uniform source
0.0006719518121434184,1.0,1.0,0.5,0.9993371803858182,symmetric Robin uniform source
0.0007299772955980967,1.0,1.0,0.5,0.9992804538114068,symmetric Robin uniform source
0.0007930134906384898,1.0,1.0,0.5,0.9992188931895309,symmetric Robin uniform source
0.0008614930904383629,1.0,1.0,0.5,0.9991520891651284,symmetric Robin uniform source
0.0009358861528011178,1.0,1.0,0.5,0.999079598071724,symmetric Robin uniform source
0.0010167033267314903,1.0,1.0,0.5,0.999000939102597,symmetric Robin uniform source
0.0011044993576334544,1.0,1.0,0.5,0.9989155912545792,symmetric Robin uniform source
0.0011998768951947114,1.0,1.0,0.5,0.9988229900269978,symmetric Robin uniform source
0.0013034906300958566,1.0,1.0,0.5,0.9987225238570439,symmetric Robin uniform source
0.001416051787939437,1.0,1.0,0.5,0.9986135302715158,symmetric Robin uniform source
0.0015383330112461312,1.0,1.0,0.5,0.9984952917334846,symmetric Robin uniform source
0.0016711736630290555,1.0,1.0,0.5,0.9983670311609438,symmetric Robin uniform source
0.0018154855883510022,1.0,1.0,0.5,0.9982279070929352,symmetric Robin uniform source
0.0019722593734131126,1.0,1.0,0.5,0.9980770084769854,symmetric Robin uniform source
0.002142571145138628,1.0,1.0,0.5,0.997913349049944,symmetric Robin uniform source
0.002327589957925428,1.0,1.0,0.5,0.9977358612824779,symmetric Robin uniform source
0.002528585818271515,1.0,1.0,0.5,0.9975433898555471,symmetric Robin uniform source
0.002746938402356119,1.0,1.0,0.5,0.9973346846351743,symmetric Robin uniform source
0.0029841465264156385,1.0,1.0,0.5,0.997108393109694,symmetric Robin uniform source
0.0032418384349209924,1.0,1.0,0.5,0.9968630522514812,symmetric Robin uniform source
0.003521782977176503,1.0,1.0,0.5,0.996597079762841,symmetric Robin uniform source
0.0038259017490587734,1.0,1.0,0.5,0.9963087646633797,symmetric Robin uniform source
0.004156282283238882,1.0,1.0,0.5,0.9959962571736869,symmetric Robin uniform source
0.004515192378428235,1.0,1.0,0.5,0.9956575578476246,symmetric Robin uniform source
0.004905095666006929,1.0,1.0,0.5,0.9952905059028868,symmetric Robin uniform source
0.00532866852088711,1.0,1.0,0.5,0.9948927666968159,symmetric Robin uniform source
0.005788818432690913,1.0,1.0,0.5,0.9944618182916974,symmetric Robin uniform source
0.0062887039633464275,1.0,1.0,0.5,0.993994937050989,symmetric Robin uniform source
0.00683175642809467,1.0,1.0,0.5,0.9934891822050991,symmetric Robin uniform source
0.007421703448730414,1.0,1.0,0.5,0.9929413793225136,symmetric Robin uniform source
0.00806259454075104,1.0,1.0,0.5,0.992348102619222,symmetric Robin uniform source
0.008758828910048764,1.0,1.0,0.5,0.991705656036606,symmetric Robin uniform source
0.009515185649948323,1.0,1.0,0.5,0.9910100530151924,symmetric Robin uniform source
0.010336856545868797,1.0,1.0,0.5,0.9902569948889987,symmetric Robin uniform source
0.011229481712787273,1.0,1.0,0.5,0.989441847822642,symmetric Robin uniform source
0.01219918831012715,1.0,1.0,0.5,0.9885596182109524,symmetric Robin uniform source
0.01325263259981784,1.0,1.0,0.5,0.9876049264586133,symmetric Robin uniform source
0.014397045636221005,1.0,1.0,0.5,0.9865719790553318,symmetric Robin uniform source
0.01564028290154813,1.0,1.0,0.5,0.9854545388603299,symmetric Robin uniform source
0.016990878227476913,1.0,1.0,0.5,0.9842458935085839,symmetric Robin uniform source
0.01845810237309541,1.0,1.0,0.5,0.9829388218503746,symmetric Robin uniform source
0.02005202666126476,1.0,1.0,0.5,0.9815255583355923,symmetric Robin uniform source
0.021783592110213423,1.0,1.0,0.5,0.9799977552554364,symmetric Robin uniform source
0.02366468453489592,1.0,1.0,0.5,0.9783464427576922,symmetric Robin uniform source
0.02570821613362717,1.0,1.0,0.5,0.9765619865596965,symmetric Robin uniform source
0.027928214120019515,1.0,1.0,0.5,0.974634043298766,symmetric Robin uniform source
0.030339917008610013,1.0,1.0,0.5,0.9725515134885081,symmetric Robin uniform source
0.03295987921510181,1.0,1.0,0.5,0.9703024920984107,symmetric Robin uniform source
0.03580608468921683,1.0,1.0,0.5,0.9678742168526663,symmetric Robin uniform source
0.038898070360158826,1.0,1.0,0.5,0.9652530144628064,symmetric Robin uniform source
0.042257060242041254,1.0,1.0,0.5,0.9624242451775243,symmetric Robin uniform source
0.04590611111980657,1.0,1.0,0.5,0.9593722462600571,symmetric Robin uniform source
0.0498702708156546,1.0,1.0,0.5,0.9560802752924484,symmetric Robin uniform source
0.05417675012235295,1.0,1.0,0.5,0.9525304545546454,symmetric Robin uniform source
0.058855109583614236,1.0,1.0,0.5,0.9487037181256939,symmetric Robin uniform source
0.0639374624036382,1.0,1.0,0.5,0.9445797637883218,symmetric Robin uniform source
0.06945869487863095,1.0,1.0,0.5,0.9401370122656191,symmetric Robin uniform source
0.07545670586338787,1.0,1.0,0.5,0.9353525767547215,symmetric Robin uniform source
0.08197266691668736,1.0,1.0,0.5,0.9302022461226722,symmetric Robin uniform source
0.08905130491118532,1.0,1.0,0.5,0.924660485472615,symmetric Robin uniform source
0.09674120904770199,1.0,1.0,0.5,0.9187004580598538,symmetric Robin uniform source
0.10509516438130988,1.0,1.0,0.5,0.9122940727330219,symmetric Robin uniform source
0.11417051414861255,1.0,1.0,0.5,0.905412061203975,symmetric Robin uniform source
0.12402955338330181,1.0,1.0,0.5,0.8980240895316313,symmetric Robin uniform source
0.13473995652184997,1.0,1.0,0.5,0.8900989082693063,symmetric Robin uniform source
0.14637524193450982,1.0,1.0,0.5,0.881604545803057,symmetric Robin uniform source
0.1590152765702563,1.0,1.0,0.5,0.8725085495214283,symmetric Robin uniform source
0.17274682417965428,1.0,1.0,0.5,0.8627782796037082,symmetric Robin uniform source
0.1876641408787652,1.0,1.0,0.5,0.8523812603595005,symmetric Robin uniform source
0.20386962214216423,1.0,1.0,0.5,0.8412855941225752,symmetric Robin uniform source
0.2214745056661583,1.0,1.0,0.5,0.8294604425843255,symmetric Robin uniform source
0.24059963492679937,1.0,1.0,0.5,0.8168765800075183,symmetric Robin uniform source
0.26137628867390916,1.0,1.0,0.5,0.8035070218400069,symmetric Robin uniform source
0.28394708205493224,1.0,1.0,0.5,0.7893277307093349,symmetric Robin uniform source
0.30846694555411125,1.0,1.0,0.5,0.7743183995039258,symmetric Robin uniform source
0.33510418846662116,1.0,1.0,0.5,0.7584633081463557,symmetric Robin uniform source
0.36404165420756235,1.0,1.0,0.5,0.7417522466829,symmetric Robin uniform source
0.3954779753860906,1.0,1.0,0.5,0.7241814924279018,symmetric Robin uniform source
0.4296289372597634,1.0,1.0,0.5,0.7057548231264543,symmetric Robin uniform source
0.466728958928128,1.0,1.0,0.5,0.6864845415016687,symmetric Robin uniform source
0.5070327024327639,1.0,1.0,0.5,0.6663924792769123,symmetric Robin uniform source
0.5508168208089692,1.0,1.0,0.5,0.6455109410596132,symmetric Robin uniform source
0.5983818570880701,1.0,1.0,0.5,0.6238835407317607,symmetric Robin uniform source
0.6500543072854856,1.0,1.0,0.5,0.6015658757707518,symmetric Robin uniform source
0.7061888615353162,1.0,1.0,0.5,0.5786259789642737,symmetric Robin uniform source
0.7671708387550601,1.0,1.0,0.5,0.5551444832087302,symmetric Robin uniform source
0.8334188315524842,1.0,1.0,0.5,0.5312144345714876,symmetric Robin uniform source
0.9053875795298242,1.0,1.0,0.5,0.5069406927239991,symmetric Robin uniform source
0.9835710907082518,1.0,1.0,0.5,0.4824388673708742,symmetric Robin uniform source
1.068506032498706,1.0,1.0,0.5,0.4578337553901143,symmetric Robin uniform source
1.1607754154953907,1.0,1.0,0.5,0.4332572666596579,symmetric Robin uniform source
1.2610125953782378,1.0,1.0,0.5,0.40884585694112585,symmetric Robin uniform source
1.3699056203942124,1.0,1.0,0.5,0.38473752279659745,symmetric Robin uniform source
1.488201954259429,1.0,1.0,0.5,0.3610684542802619,symmetric Robin uniform source
1.616713606901076,1.0,1.0,0.5,0.3379694827715748,symmetric Robin uniform source
1.7563227082575454,1.0,1.0,0.5,0.3155624992846015,symmetric Robin uniform source
1.9079875633964765,1.0,1.0,0.5,0.2939570474628544,symmetric Robin uniform source
2.0727492305143027,1.0,1.0,0.5,0.27324730949126774,symmetric Robin uniform source
2.251738666969955,1.0,1.0,0.5,0.2535096971558597,symmetric Robin uniform source
2.4461844924045875,1.0,1.0,0.5,0.2348012308149023,symmetric Robin uniform source
2.6574214222349384,1.0,1.0,0.5,0.21715883558842183,symmetric Robin uniform source
2.8868994294094907,1.0,1.0,0.5,0.20059960996619255,symmetric Robin uniform source
3.1361936973156643,1.0,1.0,0.5,0.18512203484422884,symmetric Robin uniform source
3.4070154321567037,1.0,1.0,0.5,0.17070800197363542,symmetric Robin uniform source
3.701223609016635,1.0,1.0,0.5,0.15732546326572172,symmetric Robin uniform source
4.020837732240728,1.0,1.0,0.5,0.1449314492025946,symmetric Robin uniform source
4.368051697721162,1.0,1.0,0.5,0.13347518517115917,symmetric Robin uniform source
4.745248852241524,1.0,1.0,0.5,0.12290105223270062,symmetric Robin uniform source
5.155018353250489,1.0,1.0,0.5,0.11315118961602322,symmetric Robin uniform source
5.600172941361422,1.0,1.0,0.5,0.10416760921036784,symmetric Robin uniform source
6.083768247572081,1.0,1.0,0.5,0.09589377243784938,symmetric Robin uniform source
6.609123767732884,1.0,1.0,0.5,0.08827565172256369,symmetric Robin uniform source
7.179845648236798,1.0,1.0,0.5,0.08126235069222645,symmetric Robin uniform source
7.799851439336574,1.0,1.0,0.5,0.07480638400144521,symmetric Robin uniform source
8.473396986000823,1.0,1.0,0.5,0.06886372084146677,symmetric Robin uniform source
9.20510564089343,1.0,1.0,0.5,0.06339368242865999,symmetric Robin uniform source
10.0,1.0,1.0,0.5,0.05835876164317955,symmetric Robin uniform source
0.0001,3.0,3.0,0.5,0.9997030072962558,symmetric Robin uniform source
0.00010863536378741002,3.0,3.0,0.5,0.9996775991249507,symmetric Robin uniform source
0.0001180164226522293,3.0,3.0,0.5,0.9996500329730502,symmetric Robin uniform source
0.00012820757007713678,3.0,3.0,0.5,0.9996201275024399,symmetric Robin uniform source
0.0001392787601562962,3.0,3.0,0.5,0.9995876863261814,symmetric Robin uniform source
0.00015130598777438666,3.0,3.0,0.5,0.9995524967716733,symmetric Robin uniform source
0.00016437181025083926,3.0,3.0,0.5,0.9995143285431972,symmetric Robin uniform source
0.00017856591402995074,3.0,3.0,0.5,0.9994729322762677,symmetric Robin uniform source
0.00019398573030675082,3.0,3.0,0.5,0.9994280379758453,symmetric Robin uniform source
0.00021073710381440283,3.0,3.0,0.5,0.9993793533300985,symmetric Robin uniform source
0.00022893501936382867,3.0,3.0,0.5,0.9993265618910263,symmetric Robin uniform source
0.00024870439112267313,3.0,3.0,0.5,0.9992693211128412,symmetric Robin uniform source
0.000270180920051379,3.0,3.0,0.5,0.9992072602385527,symmetric Robin uniform source
0.00029351202538198704,3.0,3.0,0.5,0.9991399780246456,symmetric Robin uniform source
0.0003188578565335172,3.0,3.0,0.5,0.9990670402931161,symmetric Robin uniform source
0.0003463923924099247,3.0,3.0,0.5,0.9989879772993651,symmetric Robin uniform source
0.00037630463562643456,3.0,3.0,0.5,0.9989022809035749,symmetric Robin uniform source
0.00040879990986166496,3.0,3.0,0.5,0.9988094015322166,symmetric Robin uniform source
0.00044410126924082443,3.0,3.0,0.5,0.9987087449152433,symmetric Robin uniform source
0.00048245102942427536,3.0,3.0,0.5,0.9985996685834225,symmetric Robin uniform source
0.0005241124309111661,3.0,3.0,0.5,0.9984814781091105,symmetric Robin uniform source
0.0005693714459753834,3.0,3.0,0.5,0.9983534230726971,symmetric Robin uniform source
0.0006185387416369951,3.0,3.0,0.5,0.9982146927359113,symmetric Robin uniform source
0.0006719518121434184,3.0,3.0,0.5,0.9980644114022444,symmetric Robin uniform source
0.0007299772955980967,3.0,3.0,0.5,0.9979016334438895,symmetric Robin uniform source
0.0007930134906384898,3.0,3.0,0.5,0.9977253379737817,symmetric Robin uniform source
0.0008614930904383629,3.0,3.0,0.5,0.9975344231405565,symmetric Robin uniform source
0.0009358861528011178,3.0,3.0,0.5,0.9973277000234513,symmetric Robin uniform source
0.0010167033267314903,3.0,3.0,0.5,0.9971038861033876,symmetric Robin uniform source
0.0011044993576334544,3.0,3.0,0.5,0.9968615982856321,symmetric Robin uniform source
0.0011998768951947114,3.0,3.0,0.5,0.9965993454486122,symmetric Robin uniform source
0.0013034906300958566,3.0,3.0,0.5,0.9963155204926246,symmetric Robin uniform source
0.001416051787939437,3.0,3.0,0.5,0.9960083918613912,symmetric Robin uniform source
0.0015383330112461312,3.0,3.0,0.5,0.9956760945086871,symmetric Robin uniform source
0.0016711736630290555,3.0,3.0,0.5,0.9953166202816164,symmetric Robin uniform source
0.0018154855883510022,3.0,3.0,0.5,0.9949278076915794,symmetric Robin uniform source
0.0019722593734131126,3.0,3.0,0.5,0.9945073310435407,symmetric Robin uniform source
0.002142571145138628,3.0,3.0,0.5,0.9940526888939408,symmetric Robin uniform source
0.002327589957925428,3.0,3.0,0.5,0.9935611918074642,symmetric Robin uniform source
0.002528585818271515,3.0,3.0,0.5,0.9930299493829268,symmetric Robin uniform source
0.002746938402356119,3.0,3.0,0.5,0.9924558565188143,symmetric Robin uniform source
0.0029841465264156385,3.0,3.0,0.5,0.991835578889462,symmetric Robin uniform source
0.0032418384349209924,3.0,3.0,0.5,0.9911655376035948,symmetric Robin uniform source
0.003521782977176503,3.0,3.0,0.5,0.9904418930179357,symmetric Robin uniform source
0.0038259017490587734,3.0,3.0,0.5,0.9896605276798599,symmetric Robin uniform source
0.004156282283238882,3.0,3.0,0.5,0.9888170283746649,symmetric Robin uniform source
0.004515192378428235,3.0,3.0,0.5,0.987906667254956,symmetric Robin uniform source
0.004905095666006929,3.0,3.0,0.5,0.986924382031912,symmetric Robin uniform source
0.00532866852088711,3.0,3.0,0.5,0.9858647552108539,symmetric Robin uniform source
0.005788818432690913,3.0,3.0,0.5,0.9847219923565637,symmetric Robin uniform source
0.0062887039633464275,3.0,3.0,0.5,0.9834898993772314,symmetric Robin uniform source
0.00683175642809467,3.0,3.0,0.5,0.9821618588197338,symmetric Robin uniform source
0.007421703448730414,3.0,3.0,0.5,0.9807308051731665,symmetric Robin uniform source
0.00806259454075104,3.0,3.0,0.5,0.9791891991821753,symmetric Robin uniform source
0.008758828910048764,3.0,3.0,0.5,0.9775290011766159,symmetric Robin uniform source
0.009515185649948323,3.0,3.0,0.5,0.9757416434294182,symmetric Robin uniform source
0.010336856545868797,3.0,3.0,0.5,0.9738180015601758,symmetric Robin uniform source
0.011229481712787273,3.0,3.0,0.5,0.9717483650079175,symmetric Robin uniform source
0.01219918831012715,3.0,3.0,0.5,0.9695224066026442,symmetric Robin uniform source
0.01325263259981784,3.0,3.0,0.5,0.9671291512714904,symmetric Robin uniform source
0.014397045636221005,3.0,3.0,0.5,0.9645569439217287,symmetric Robin uniform source
0.01564028290154813,3.0,3.0,0.5,0.9617934165492152,symmetric Robin uniform source
0.016990878227476913,3.0,3.0,0.5,0.9588254546274102,symmetric Robin uniform source
0.01845810237309541,3.0,3.0,0.5,0.9556391628392282,symmetric Robin uniform source
0.02005202666126476,3.0,3.0,0.5,0.9522198302231302,symmetric Robin uniform source
0.021783592110213423,3.0,3.0,0.5,0.9485518948194063,symmetric Robin uniform source
0.02366468453489592,3.0,3.0,0.5,0.9446189079296872,symmetric Robin uniform source
0.02570821613362717,3.0,3.0,0.5,0.9404034981555622,symmetric Robin uniform source
0.027928214120019515,3.0,3.0,0.5,0.9358873354828424,symmetric Robin uniform source
0.030339917008610013,3.0,3.0,0.5,0.9310510958589899,symmetric Robin uniform source
0.03295987921510181,3.0,3.0,0.5,0.925874427015262,symmetric Robin uniform source
0.03580608468921683,3.0,3.0,0.5,0.9203359167605204,symmetric Robin uniform source
0.038898070360158826,3.0,3.0,0.5,0.9144130656657907,symmetric Robin uniform source
0.042257060242041254,3.0,3.0,0.5,0.908082266996683,symmetric Robin uniform source
0.04590611111980657,3.0,3.0,0.5,0.9013187979334751,symmetric Robin uniform source
0.0498702708156546,3.0,3.0,0.5,0.8940968275016117,symmetric Robin uniform source
0.05417675012235295,3.0,3.0,0.5,0.8863894481246368,symmetric Robin uniform source
0.058855109583614236,3.0,3.0,0.5,0.8781687391659952,symmetric Robin uniform source
0.0639374624036382,3.0,3.0,0.5,0.8694058720697433,symmetric Robin uniform source
0.06945869487863095,3.0,3.0,0.5,0.8600712675533437,symmetric Robin uniform source
0.07545670586338787,3.0,3.0,0.5,0.8501348155715576,symmetric Robin uniform source
0.08197266691668736,3.0,3.0,0.5,0.8395661683226925,symmetric Robin uniform source
0.08905130491118532,3.0,3.0,0.5,0.8283351153353757,symmetric Robin uniform source
0.09674120904770199,3.0,3.0,0.5,0.8164120476644251,symmetric Robin uniform source
0.10509516438130988,3.0,3.0,0.5,0.8037685155311864,symmetric Robin uniform source
0.11417051414861255,3.0,3.0,0.5,0.790377880531079,symmetric Robin uniform source
0.12402955338330181,3.0,3.0,0.5,0.7762160600029896,symmetric Robin uniform source
0.13473995652184997,3.0,3.0,0.5,0.7612623575074676,symmetric Robin uniform source
0.14637524193450982,3.0,3.0,0.5,0.7455003697246667,symmetric Robin uniform source
0.1590152765702563,3.0,3.0,0.5,0.7289189564764894,symmetric Robin uniform source
0.17274682417965428,3.0,3.0,0.5,0.7115132568825152,symmetric Robin uniform source
0.1876641408787652,3.0,3.0,0.5,0.6932857306438492,symmetric Robin uniform source
0.20386962214216423,3.0,3.0,0.5,0.6742471988366074,symmetric Robin uniform source
0.2214745056661583,3.0,3.0,0.5,0.6544178531742075,symmetric Robin uniform source
0.24059963492679937,3.0,3.0,0.5,0.633828196432485,symmetric Robin uniform source
0.26137628867390916,3.0,3.0,0.5,0.6125198698657901,symmetric Robin uniform source
0.28394708205493224,3.0,3.0,0.5,0.5905463165349534,symmetric Robin uniform source
0.30846694555411125,3.0,3.0,0.5,0.5679732233791841,symmetric Robin uniform source
0.33510418846662116,3.0,3.0,0.5,0.544878680687689,symmetric Robin uniform source
0.36404165420756235,3.0,3.0,0.5,0.5213529965965555,symmetric Robin uniform source
0.3954779753860906,3.0,3.0,0.5,0.4974981076182762,symmetric Robin uniform source
0.4296289372597634,3.0,3.0,0.5,0.47342653518694866,symmetric Robin uniform source
0.466728958928128,3.0,3.0,0.5,0.4492598537298589,symmetric Robin uniform source
0.5070327024327639,3.0,3.0,0.5,0.4251266584126049,symmetric Robin uniform source
0.5508168208089692,3.0,3.0,0.5,0.4011600503856622,symmetric Robin uniform source
0.5983818570880701,3.0,3.0,0.5,0.3774946931560089,symmetric Robin uniform source
0.6500543072854856,3.0,3.0,0.5,0.35426353360246143,symmetric Robin uniform source
0.7061888615353162,3.0,3.0,0.5,0.33159432191259425,symmetric Robin uniform source
0.7671708387550601,3.0,3.0,0.5,0.30960610192358223,symmetric Robin uniform source
0.8334188315524842,3.0,3.0,0.5,0.2884058716782112,symmetric Robin uniform source
0.9053875795298242,3.0,3.0,0.5,0.2680856278216064,symmetric Robin uniform source
0.9835710907082518,3.0,3.0,0.5,0.24872000169550268,symmetric Robin uniform source
1.068506032498706,3.0,3.0,0.5,0.23036466625389962,symmetric Robin uniform source
1.1607754154953907,3.0,3.0,0.5,0.21305564069649868,symmetric Robin uniform source
1.2610125953782378,3.0,3.0,0.5,0.1968095472452622,symmetric Robin uniform source
1.3699056203942124,3.0,3.0,0.5,0.18162478916292474,symmetric Robin uniform source
1.488201954259429,3.0,3.0,0.5,0.16748353192786292,symmetric Robin uniform source
1.616713606901076,3.0,3.0,0.5,0.15435429347634416,symmetric Robin uniform source
1.7563227082575454,3.0,3.0,0.5,0.142194897200004,symmetric Robin uniform source
1.9079875633964765,3.0,3.0,0.5,0.13095552218774092,symmetric Robin uniform source
2.0727492305143027,3.0,3.0,0.5,0.12058160235231782,symmetric Robin uniform source
2.251738666969955,3.0,3.0,0.5,0.111016375659099,symmetric Robin uniform source
2.4461844924045875,3.0,3.0,0.5,0.10220295606371603,symmetric Robin uniform source
2.6574214222349384,3.0,3.0,0.5,0.09408587919733007,symmetric Robin uniform source
2.8868994294094907,3.0,3.0,0.5,0.08661214324428508,symmetric Robin uniform source
3.1361936973156643,3.0,3.0,0.5,0.07973181740294187,symmetric Robin uniform source
3.4070154321567037,3.0,3.0,0.5,0.07339831663578895,symmetric Robin uniform source
3.701223609016635,3.0,3.0,0.5,0.06756844462438,symmetric Robin uniform source
4.020837732240728,3.0,3.0,0.5,0.06220229342141257,symmetric Robin uniform source
4.368051697721162,3.0,3.0,0.5,0.05726306665464054,symmetric Robin uniform source
4.745248852241524,3.0,3.0,0.5,0.05271687072933168,symmetric Robin uniform source
5.155018353250489,3.0,3.0,0.5,0.04853250000550088,symmetric Robin uniform source
5.600172941361422,3.0,3.0,0.5,0.044681229097464234,symmetric Robin uniform source
6.083768247572081,3.0,3.0,0.5,0.04113661778617502,symmetric Robin uniform source
6.609123767732884,3.0,3.0,0.5,0.037874330092057346,symmetric Robin uniform source
7.179845648236798,3.0,3.0,0.5,0.03487196732153043,symmetric Robin uniform source
7.799851439336574,3.0,3.0,0.5,0.03210891427371461,symmetric Robin uniform source
8.473396986000823,3.0,3.0,0.5,0.02956619763832685,symmetric Robin uniform source
9.20510564089343,3.0,3.0,0.5,0.027226355629292768,symmetric Robin uniform source
10.0,3.0,3.0,0.5,0.025073317961920027,symmetric Robin uniform source
0.0001,10.0,10.0,0.5,0.999032802405563,symmetric Robin uniform source
0.00010863536378741002,10.0,10.0,0.5,0.9989518258101304,symmetric Robin uniform source
0.0001180164226522293,10.0,10.0,0.5,0.9988642332340113,symmetric Robin uniform source
0.00012820757007713678,10.0,10.0,0.5,0.9987695035238272,symmetric Robin uniform source
0.0001392787601562962,10.0,10.0,0.5,0.9986670761685603,symmetric Robin uniform source
0.00015130598777438666,10.0,10.0,0.5,0.9985563483917138,symmetric Robin uniform source
0.00016437181025083926,10.0,10.0,0.5,0.9984366720302349,symmetric Robin uniform source
0.00017856591402995074,10.0,10.0,0.5,0.9983073501903736,symmetric Robin uniform source
0.00019398573030675082,10.0,10.0,0.5,0.9981676336724644,symmetric Robin uniform source
0.00021073710381440283,10.0,10.0,0.5,0.9980167171587299,symmetric Robin uniform source
0.00022893501936382867,10.0,10.0,0.5,0.9978537351605035,symmetric Robin uniform source
0.00024870439112267313,10.0,10.0,0.5,0.9976777577234537,symmetric Robin uniform source
0.000270180920051379,10.0,10.0,0.5,0.9974877858912392,symmetric Robin uniform source
0.00029351202538198704,10.0,10.0,0.5,0.9972827469292447,symmetric Robin uniform source
0.0003188578565335172,10.0,10.0,0.5,0.9970614893103936,symmetric Robin uniform source
0.0003463923924099247,10.0,10.0,0.5,0.9968227774643944,symmetric Robin uniform source
0.00037630463562643456,10.0,10.0,0.5,0.9965652862901491,symmetric Robin uniform source
0.00040879990986166496,10.0,10.0,0.5,0.9962875954286647,symmetric Robin uniform source
0.00044410126924082443,10.0,10.0,0.5,0.9959881832909929,symmetric Robin uniform source
0.00048245102942427536,10.0,10.0,0.5,0.9956654208330228,symmetric Robin uniform source
0.0005241124309111661,10.0,10.0,0.5,0.9953175650668664,symmetric Robin uniform source
0.0005693714459753834,10.0,10.0,0.5,0.994942752297588,symmetric Robin uniform source
0.0006185387416369951,10.0,10.0,0.5,0.9945389910743936,symmetric Robin uniform source
0.0006719518121434184,10.0,10.0,0.5,0.99410415484715,symmetric Robin uniform source
0.0007299772955980967,10.0,10.0,0.5,0.9936359743219751,symmetric Robin uniform source
0.0007930134906384898,10.0,10.0,0.5,0.993132029513238,symmetric Robin uniform source
0.0008614930904383629,10.0,10.0,0.5,0.9925897414931233,symmetric Robin uniform source
0.0009358861528011178,10.0,10.0,0.5,0.992006363843496,symmetric Robin uniform source
0.0010167033267314903,10.0,10.0,0.5,0.9913789738179271,symmetric Robin uniform source
0.0011044993576334544,10.0,10.0,0.5,0.9907044632242834,symmetric Robin uniform source
0.0011998768951947114,10.0,10.0,0.5,0.9899795290403518,symmetric Robin uniform source
0.0013034906300958566,10.0,10.0,0.5,0.9892006637767126,symmetric Robin uniform source
0.001416051787939437,10.0,10.0,0.5,0.9883641456026336,symmetric Robin uniform source
0.0015383330112461312,10.0,10.0,0.5,0.9874660282522687,symmetric Robin uniform source
0.0016711736630290555,10.0,10.0,0.5,0.9865021307298886,symmetric Robin uniform source
0.0018154855883510022,10.0,10.0,0.5,0.9854680268343123,symmetric Robin uniform source
0.0019722593734131126,10.0,10.0,0.5,0.9843590345239623,symmetric Robin uniform source
0.002142571145138628,10.0,10.0,0.5,0.9831702051451229,symmetric Robin uniform source
0.002327589957925428,10.0,10.0,0.5,0.9818963125468099,symmetric Robin uniform source
0.002528585818271515,10.0,10.0,0.5,0.9805318421062251,symmetric Robin uniform source
0.002746938402356119,10.0,10.0,0.5,0.9790709796889221,symmetric Robin uniform source
0.0029841465264156385,10.0,10.0,0.5,0.9775076005675188,symmetric Robin uniform source
0.0032418384349209924,10.0,10.0,0.5,0.9758352583220246,symmetric Robin uniform source
0.003521782977176503,10.0,10.0,0.5,0.9740471737434959,symmetric Robin uniform source
0.0038259017490587734,10.0,10.0,0.5,0.9721362237607993,symmetric Robin uniform source
0.004156282283238882,10.0,10.0,0.5,0.9700949304076777,symmetric Robin uniform source
0.004515192378428235,10.0,10.0,0.5,0.9679154498440465,symmetric Robin uniform source
0.004905095666006929,10.0,10.0,0.5,0.9655895614414945,symmetric Robin uniform source
0.00532866852088711,10.0,10.0,0.5,0.9631086569382871,symmetric Robin uniform source
0.005788818432690913,10.0,10.0,0.5,0.9604637296638027,symmetric Robin uniform source
0.0062887039633464275,10.0,10.0,0.5,0.9576453638262684,symmetric Robin uniform source
0.00683175642809467,10.0,10.0,0.5,0.9546437238509657,symmetric Robin uniform source
0.007421703448730414,10.0,10.0,0.5,0.9514485437487656,symmetric Robin uniform source
0.00806259454075104,10.0,10.0,0.5,0.9480491164870456,symmetric Robin uniform source
0.008758828910048764,10.0,10.0,0.5,0.9444342833267835,symmetric Robin uniform source
0.009515185649948323,10.0,10.0,0.5,0.9405924230810544,symmetric Robin uniform source
0.010336856545868797,10.0,10.0,0.5,0.9365114412413861,symmetric Robin uniform source
0.011229481712787273,10.0,10.0,0.5,0.9321787589095928,symmetric Robin uniform source
0.01219918831012715,10.0,10.0,0.5,0.9275813014639731,symmetric Robin uniform source
0.01325263259981784,10.0,10.0,0.5,0.9227054868802982,symmetric Robin uniform source
0.014397045636221005,10.0,10.0,0.5,0.917537213620145,symmetric Robin uniform source
0.01564028290154813,10.0,10.0,0.5,0.9120618479924707,symmetric Robin uniform source
0.016990878227476913,10.0,10.0,0.5,0.9062642108905743,symmetric Robin uniform source
0.01845810237309541,10.0,10.0,0.5,0.9001285638100301,symmetric Robin uniform source
0.02005202666126476,10.0,10.0,0.5,0.8936385940741227,symmetric Robin uniform source
0.021783592110213423,10.0,10.0,0.5,0.8867773992537888,symmetric Robin uniform source
0.02366468453489592,10.0,10.0,0.5,0.8795274709110711,symmetric Robin uniform source
0.02570821613362717,10.0,10.0,0.5,0.871870678089284,symmetric Robin uniform source
0.027928214120019515,10.0,10.0,0.5,0.863788251523443,symmetric Robin uniform source
0.030339917008610013,10.0,10.0,0.5,0.8552607704817652,symmetric Robin uniform source
0.03295987921510181,10.0,10.0,0.5,0.8462681556065415,symmetric Robin uniform source
0.03580608468921683,10.0,10.0,0.5,0.8367896731916704,symmetric Robin uniform source
0.038898070360158826,10.0,10.0,0.5,0.8268039590059151,symmetric Robin uniform source
0.042257060242041254,10.0,10.0,0.5,0.8162890728805161,symmetric Robin uniform source
0.04590611111980657,10.0,10.0,0.5,0.8052225984747696,symmetric Robin uniform source
0.0498702708156546,10.0,10.0,0.5,0.7935818053866339,symmetric Robin uniform source
0.05417675012235295,10.0,10.0,0.5,0.7813438924531475,symmetric Robin uniform source
0.058855109583614236,10.0,10.0,0.5,0.768486331059206,symmetric Robin uniform source
0.0639374624036382,10.0,10.0,0.5,0.7549873250567161,symmetric Robin uniform source
0.06945869487863095,10.0,10.0,0.5,0.7408263992691448,symmetric Robin uniform source
0.07545670586338787,10.0,10.0,0.5,0.7259851216446984,symmetric Robin uniform source
0.08197266691668736,10.0,10.0,0.5,0.7104479554075197,symmetric Robin uniform source
0.08905130491118532,10.0,10.0,0.5,0.6942032278146804,symmetric Robin uniform source
0.09674120904770199,10.0,10.0,0.5,0.6772441922896427,symmetric Robin uniform source
0.10509516438130988,10.0,10.0,0.5,0.6595701516826372,symmetric Robin uniform source
0.11417051414861255,10.0,10.0,0.5,0.6411876029125166,symmetric Robin uniform source
0.12402955338330181,10.0,10.0,0.5,0.6221113576314614,symmetric Robin uniform source
0.13473995652184997,10.0,10.0,0.5,0.6023655897777876,symmetric Robin uniform source
0.14637524193450982,10.0,10.0,0.5,0.581984758563649,symmetric Robin uniform source
0.1590152765702563,10.0,10.0,0.5,0.5610143540663978,symmetric Robin uniform source
0.17274682417965428,10.0,10.0,0.5,0.5395114117760104,symmetric Robin uniform source
0.1876641408787652,10.0,10.0,0.5,0.5175447422249388,symmetric Robin uniform source
0.20386962214216423,10.0,10.0,0.5,0.4951948227890196,symmetric Robin uniform source
0.2214745056661583,10.0,10.0,0.5,0.47255330204906165,symmetric Robin uniform source
0.24059963492679937,10.0,10.0,0.5,0.4497220742392163,symmetric Robin uniform source
0.26137628867390916,10.0,10.0,0.5,0.4268118937817068,symmetric Robin uniform source
0.28394708205493224,10.0,10.0,0.5,0.4039405188372689,symmetric Robin uniform source
0.30846694555411125,10.0,10.0,0.5,0.38123039857494867,symmetric Robin uniform source
0.33510418846662116,10.0,10.0,0.5,0.35880595087821465,symmetric Robin uniform source
0.36404165420756235,10.0,10.0,0.5,0.3367905136946937,symmetric Robin uniform source
0.3954779753860906,10.0,10.0,0.5,0.31530309122984307,symmetric Robin uniform source
0.4296289372597634,10.0,10.0,0.5,0.29445505157162544,symmetric Robin uniform source
0.466728958928128,10.0,10.0,0.5,0.27434696013746623,symmetric Robin uniform source
0.5070327024327639,10.0,10.0,0.5,0.25506574822888,symmetric Robin uniform source
0.5508168208089692,10.0,10.0,0.5,0.2366824130753707,symmetric Robin uniform source
0.5983818570880701,10.0,10.0,0.5,0.21925042161547376,symmetric Robin uniform source
0.6500543072854856,10.0,10.0,0.5,0.20280494401257818,symmetric Robin uniform source
0.7061888615353162,10.0,10.0,0.5,0.18736297710669228,symmetric Robin uniform source
0.7671708387550601,10.0,10.0,0.5,0.17292433910417473,symmetric Robin uniform source
0.8334188315524842,10.0,10.0,0.5,0.15947343474282305,symmetric Robin uniform source
0.9053875795298242,10.0,10.0,0.5,0.1469816170232912,symmetric Robin uniform source
0.9835710907082518,10.0,10.0,0.5,0.13540991936519325,symmetric Robin uniform source
1.068506032498706,10.0,10.0,0.5,0.12471190992048983,symmetric Robin uniform source
1.1607754154953907,10.0,10.0,0.5,0.1148364316604701,symmetric Robin uniform source
1.2610125953782378,10.0,10.0,0.5,0.10573003492780143,symmetric Robin uniform source
1.3699056203942124,10.0,10.0,0.5,0.09733897415842625,symmetric Robin uniform source
1.488201954259429,10.0,10.0,0.5,0.08961071390268895,symmetric Robin uniform source
1.616713606901076,10.0,10.0,0.5,0.08249495682381006,symmetric Robin uniform source
1.7563227082575454,10.0,10.0,0.5,0.07594425672399506,symmetric Robin uniform source
1.9079875633964765,10.0,10.0,0.5,0.06991430720438765,symmetric Robin uniform source
2.0727492305143027,10.0,10.0,0.5,0.06436400200498374,symmetric Robin uniform source
2.251738666969955,10.0,10.0,0.5,0.05925535201993363,symmetric Robin uniform source
2.4461844924045875,10.0,10.0,0.5,0.054553324260802546,symmetric Robin uniform source
2.6574214222349384,10.0,10.0,0.5,0.05022564684777959,symmetric Robin uniform source
2.8868994294094907,10.0,10.0,0.5,0.046242606214940335,symmetric Robin uniform source
3.1361936973156643,10.0,10.0,0.5,0.042576850039226136,symmetric Robin uniform source
3.4070154321567037,10.0,10.0,0.5,0.03920320169706552,symmetric Robin uniform source
3.701223609016635,10.0,10.0,0.5,0.03609848801213105,symmetric Robin uniform source
4.020837732240728,10.0,10.0,0.5,0.03324138024542029,symmetric Robin uniform source
4.368051697721162,10.0,10.0,0.5,0.03061224760740636,symmetric Robin uniform source
4.745248852241524,10.0,10.0,0.5,0.028193022394358478,symmetric Robin uniform source
5.155018353250489,10.0,10.0,0.5,0.025967075851121468,symmetric Robin uniform source
5.600172941361422,10.0,10.0,0.5,0.02391910391217994,symmetric Robin uniform source
6.083768247572081,10.0,10.0,0.5,0.022035022028769377,symmetric Robin uniform source
6.609123767732884,10.0,10.0,0.5,0.020301868342102892,symmetric Robin uniform source
7.179845648236798,10.0,10.0,0.5,0.01870771451279764,symmetric Robin uniform source
7.799851439336574,10.0,10.0,0.5,0.01724158356907832,symmetric Robin uniform source
8.473396986000823,10.0,10.0,0.5,0.015893374195782094,symmetric Robin uniform source
9.20510564089343,10.0,10.0,0.5,0.014653790954261042,symmetric Robin uniform source
10.0,10.0,10.0,0.5,0.013514279997361565,symmetric Robin uniform source
0.0001,1000.0,1000.0,0.5,0.9808561255397541,symmetric Robin uniform source
0.00010863536378741002,1000.0,1000.0,0.5,0.98034822612522,symmetric Robin uniform source
0.0001180164226522293,1000.0,1000.0,0.5,0.9798191848904796,symmetric Robin uniform source
0.00012820757007713678,1000.0,1000.0,0.5,0.979266839380486,symmetric Robin uniform source
0.0001392787601562962,1000.0,1000.0,0.5,0.9786890387622313,symmetric Robin uniform source
0.00015130598777438666,1000.0,1000.0,0.5,0.9780836434654158,symmetric Robin uniform source
0.00016437181025083926,1000.0,1000.0,0.5,0.9774485245575029,symmetric Robin uniform source
0.00017856591402995074,1000.0,1000.0,0.5,0.9767815628530921,symmetric Robin uniform source
0.00019398573030675082,1000.0,1000.0,0.5,0.9760806476538997,symmetric Robin uniform source
0.00021073710381440283,1000.0,1000.0,0.5,0.9753436749729851,symmetric Robin uniform source
0.00022893501936382867,1000.0,1000.0,0.5,0.9745685450944266,symmetric Robin uniform source
0.00024870439112267313,1000.0,1000.0,0.5,0.9737531593426281,symmetric Robin uniform source
0.000270180920051379,1000.0,1000.0,0.5,0.972895415974645,symmetric Robin uniform source
0.00029351202538198704,1000.0,1000.0,0.5,0.9719932051582598,symmetric Robin uniform source
0.0003188578565335172,1000.0,1000.0,0.5,0.9710444030528713,symmetric Robin uniform source
0.0003463923924099247,1000.0,1000.0,0.5,0.9700468650643479,symmetric Robin uniform source
0.00037630463562643456,1000.0,1000.0,0.5,0.9689984183932228,symmetric Robin uniform source
0.00040879990986166496,1000.0,1000.0,0.5,0.9678968540327388,symmetric Robin uniform source
0.00044410126924082443,1000.0,1000.0,0.5,0.9667399183949483,symmetric Robin uniform source
0.00048245102942427536,1000.0,1000.0,0.5,0.9655253047470248,symmetric Robin uniform source
0.0005241124309111661,1000.0,1000.0,0.5,0.964250644626134,symmetric Robin uniform source
0.0005693714459753834,1000.0,1000.0,0.5,0.9629134993722996,symmetric Robin uniform source
0.0006185387416369951,1000.0,1000.0,0.5,0.9615113518794516,symmetric Robin uniform source
0.0006719518121434184,1000.0,1000.0,0.5,0.9600415986213522,symmetric Robin uniform source
0.0007299772955980967,1000.0,1000.0,0.5,0.9585015419674559,symmetric Robin uniform source
0.0007930134906384898,1000.0,1000.0,0.5,0.9568883827689779,symmetric Robin uniform source
0.0008614930904383629,1000.0,1000.0,0.5,0.9551992131705567,symmetric Robin uniform source
0.0009358861528011178,1000.0,1000.0,0.5,0.9534310095885656,symmetric Robin uniform source
0.0010167033267314903,1000.0,1000.0,0.5,0.9515806257921515,symmetric Robin uniform source
0.0011044993576334544,1000.0,1000.0,0.5,0.9496447860249166,symmetric Robin uniform source
0.0011998768951947114,1000.0,1000.0,0.5,0.9476200781109647,symmetric Robin uniform source
0.0013034906300958566,1000.0,1000.0,0.5,0.9455029464963216,symmetric Robin uniform source
0.001416051787939437,1000.0,1000.0,0.5,0.9432896851837692,symmetric Robin uniform source
0.0015383330112461312,1000.0,1000.0,0.5,0.9409764305250559,symmetric Robin uniform source
0.0016711736630290555,1000.0,1000.0,0.5,0.9385591538389456,symmetric Robin uniform source
0.0018154855883510022,1000.0,1000.0,0.5,0.9360336538268328,symmetric Robin uniform source
0.0019722593734131126,1000.0,1000.0,0.5,0.9333955487598984,symmetric Robin uniform source
0.002142571145138628,1000.0,1000.0,0.5,0.9306402684133175,symmetric Robin uniform source
0.002327589957925428,1000.0,1000.0,0.5,0.9277630457240736,symmetric Robin uniform source
0.002528585818271515,1000.0,1000.0,0.5,0.924758908149672,symmetric Robin uniform source
0.002746938402356119,1000.0,1000.0,0.5,0.921622668705633,symmetric Robin uniform source
0.0029841465264156385,1000.0,1000.0,0.5,0.9183489166601961,symmetric Robin uniform source
0.0032418384349209924,1000.0,1000.0,0.5,0.9149320078653699,symmetric Robin uniform source
0.003521782977176503,1000.0,1000.0,0.5,0.9113660547043811,symmetric Robin uniform source
0.0038259017490587734,1000.0,1000.0,0.5,0.9076449156369217,symmetric Robin uniform source
0.004156282283238882,1000.0,1000.0,0.5,0.9037621843254173,symmetric Robin uniform source
0.004515192378428235,1000.0,1000.0,0.5,0.8997111783278934,symmetric Robin uniform source
0.004905095666006929,1000.0,1000.0,0.5,0.8954849273458085,symmetric Robin uniform source
0.00532866852088711,1000.0,1000.0,0.5,0.8910761610181368,symmetric Robin uniform source
0.005788818432690913,1000.0,1000.0,0.5,0.8864772962554502,symmetric Robin uniform source
0.0062887039633464275,1000.0,1000.0,0.5,0.8816804241089042,symmetric Robin uniform source
0.00683175642809467,1000.0,1000.0,0.5,0.8766772961677378,symmetric Robin uniform source
0.007421703448730414,1000.0,1000.0,0.5,0.8714593104740714,symmetric Robin uniform source
0.00806259454075104,1000.0,1000.0,0.5,0.8660174969346383,symmetric Robin uniform source
0.008758828910048764,1000.0,1000.0,0.5,0.8603425021957395,symmetric Robin uniform source
0.009515185649948323,1000.0,1000.0,0.5,0.8544245739316418,symmetric Robin uniform source
0.010336856545868797,1000.0,1000.0,0.5,0.8482535444807624,symmetric Robin uniform source
0.011229481712787273,1000.0,1000.0,0.5,0.8418188137523526,symmetric Robin uniform source
0.01219918831012715,1000.0,1000.0,0.5,0.8351093313230878,symmetric Robin uniform source
0.01325263259981784,1000.0,1000.0,0.5,0.8281135776509481,symmetric Robin uniform source
0.014397045636221005,1000.0,1000.0,0.5,0.8208195443545603,symmetric Robin uniform source
0.01564028290154813,1000.0,1000.0,0.5,0.8132147135421205,symmetric Robin uniform source
0.016990878227476913,1000.0,1000.0,0.5,0.8052860362350504,symmetric Robin uniform source
0.01845810237309541,1000.0,1000.0,0.5,0.7970199100476536,symmetric Robin uniform source
0.02005202666126476,1000.0,1000.0,0.5,0.7884021565224058,symmetric Robin uniform source
0.021783592110213423,1000.0,1000.0,0.5,0.7794179990016359,symmetric Robin uniform source
0.02366468453489592,1000.0,1000.0,0.5,0.7700520428175708,symmetric Robin uniform source
0.02570821613362717,1000.0,1000.0,0.5,0.7602882611137779,symmetric Robin uniform source
0.027928214120019515,1000.0,1000.0,0.5,0.7501099919502827,symmetric Robin uniform source
0.030339917008610013,1000.0,1000.0,0.5,0.7394999555394306,symmetric Robin uniform source
0.03295987921510181,1000.0,1000.0,0.5,0.7284403043177943,symmetric Robin uniform source
0.03580608468921683,1000.0,1000.0,0.5,0.7169127225782037,symmetric Robin uniform source
0.038898070360158826,1000.0,1000.0,0.5,0.7048985957656038,symmetric Robin uniform source
0.042257060242041254,1000.0,1000.0,0.5,0.6923792713084372,symmetric Robin uniform source
0.04590611111980657,1000.0,1000.0,0.5,0.6793364320859674,symmetric Robin uniform source
0.0498702708156546,1000.0,1000.0,0.5,0.6657525996918757,symmetric Robin uniform source
0.05417675012235295,1000.0,1000.0,0.5,0.6516117774235362,symmetric Robin uniform source
0.058855109583614236,1000.0,1000.0,0.5,0.636900232885218,symmetric Robin uniform source
0.0639374624036382,1000.0,1000.0,0.5,0.6216074082700972,symmetric Robin uniform source
0.06945869487863095,1000.0,1000.0,0.5,0.605726934160183,symmetric Robin uniform source
0.07545670586338787,1000.0,1000.0,0.5,0.5892577114990418,symmetric Robin uniform source
0.08197266691668736,1000.0,1000.0,0.5,0.5722050174501649,symmetric Robin uniform source
0.08905130491118532,1000.0,1000.0,0.5,0.5545815848608504,symmetric Robin uniform source
0.09674120904770199,1000.0,1000.0,0.5,0.5364086020962097,symmetric Robin uniform source
0.10509516438130988,1000.0,1000.0,0.5,0.5177165796070058,symmetric Robin uniform source
0.11417051414861255,1000.0,1000.0,0.5,0.49854603091591,symmetric Robin uniform source
0.12402955338330181,1000.0,1000.0,0.5,0.47894791791736846,symmetric Robin uniform source
0.13473995652184997,1000.0,1000.0,0.5,0.45898381302931623,symmetric Robin uniform source
0.14637524193450982,1000.0,1000.0,0.5,0.43872573399636683,symmetric Robin uniform source
0.1590152765702563,1000.0,1000.0,0.5,0.4182556119091022,symmetric Robin uniform source
0.17274682417965428,1000.0,1000.0,0.5,0.39766436066531197,symmetric Robin uniform source
0.1876641408787652,1000.0,1000.0,0.5,0.37705052817088647,symmetric Robin uniform source
0.20386962214216423,1000.0,1000.0,0.5,0.35651852723487204,symmetric Robin uniform source
0.2214745056661583,1000.0,1000.0,0.5,0.3361764677756328,symmetric Robin uniform source
0.24059963492679937,1000.0,1000.0,0.5,0.31613364100579344,symmetric Robin uniform source
0.26137628867390916,1000.0,1000.0,0.5,0.296497738915512,symmetric Robin uniform source
0.28394708205493224,1000.0,1000.0,0.5,0.2773719256821492,symmetric Robin uniform source
0.30846694555411125,1000.0,1000.0,0.5,0.25885190765398347,symmetric Robin uniform source
0.33510418846662116,1000.0,1000.0,0.5,0.2410231706672682,symmetric Robin uniform source
0.36404165420756235,1000.0,1000.0,0.5,0.22395856290687635,symmetric Robin uniform source
0.3954779753860906,1000.0,1000.0,0.5,0.2077163941891325,symmetric Robin uniform source
0.4296289372597634,1000.0,1000.0,0.5,0.19233919587232412,symmetric Robin uniform source
0.466728958928128,1000.0,1000.0,0.5,0.17785323953646434,symmetric Robin uniform source
0.5070327024327639,1000.0,1000.0,0.5,0.1642688502988246,symmetric Robin uniform source
0.5508168208089692,1000.0,1000.0,0.5,0.1515814787598653,symmetric Robin uniform source
0.5983818570880701,1000.0,1000.0,0.5,0.13977342359731845,symmetric Robin uniform source
0.6500543072854856,1000.0,1000.0,0.5,0.1288160356896198,symmetric Robin uniform source
0.7061888615353162,1000.0,1000.0,0.5,0.11867219460533207,symmetric Robin uniform source
0.7671708387550601,1000.0,1000.0,0.5,0.1092988364702691,symmetric Robin uniform source
0.8334188315524842,1000.0,1000.0,0.5,0.10064933058636369,symmetric Robin uniform source
0.9053875795298242,1000.0,1000.0,0.5,0.09267554661945995,symmetric Robin uniform source
0.9835710907082518,1000.0,1000.0,0.5,0.08532951521907467,symmetric Robin uniform source
1.068506032498706,1000.0,1000.0,0.5,0.07856465004135328,symmetric Robin uniform source
1.1607754154953907,1000.0,1000.0,0.5,0.07233655600501747,symmetric Robin uniform source
1.2610125953782378,1000.0,1000.0,0.5,0.06660348832489218,symmetric Robin uniform source
1.3699056203942124,1000.0,1000.0,0.5,0.06132654592859575,symmetric Robin uniform source
1.488201954259429,1000.0,1000.0,0.5,0.056469683231298216,symmetric Robin uniform source
1.616713606901076,1000.0,1000.0,0.5,0.05199961169600863,symmetric Robin uniform source
1.7563227082575454,1000.0,1000.0,0.5,0.04788564417153261,symmetric Robin uniform source
1.9079875633964765,1000.0,1000.0,0.5,0.04409951662009281,symmetric Robin uniform source
2.0727492305143027,1000.0,1000.0,0.5,0.04061520708290612,symmetric Robin uniform source
2.251738666969955,1000.0,1000.0,0.5,0.03740876169869166,symmetric Robin uniform source
2.4461844924045875,1000.0,1000.0,0.5,0.03445813172333515,symmetric Robin uniform source
2.6574214222349384,1000.0,1000.0,0.5,0.03174302254160155,symmetric Robin uniform source
2.8868994294094907,1000.0,1000.0,0.5,0.02924475439316748,symmetric Robin uniform source
3.1361936973156643,1000.0,1000.0,0.5,0.026946134095232305,symmetric Robin uniform source
3.4070154321567037,1000.0,1000.0,0.5,0.024831336948627266,symmetric Robin uniform source
3.701223609016635,1000.0,1000.0,0.5,0.022885798038408706,symmetric Robin uniform source
4.020837732240728,1000.0,1000.0,0.5,0.02109611219431369,symmetric Robin uniform source
4.368051697721162,1000.0,1000.0,0.5,0.019449941929910817,symmetric Robin uniform source
4.745248852241524,1000.0,1000.0,0.5,0.017935932722160625,symmetric Robin uniform source
5.155018353250489,1000.0,1000.0,0.5,0.016543635025367893,symmetric Robin uniform source
5.600172941361422,1000.0,1000.0,0.5,0.015263432441611243,symmetric Robin uniform source
6.083768247572081,1000.0,1000.0,0.5,0.014086475504282558,symmetric Robin uniform source
6.609123767732884,1000.0,1000.0,0.5,0.013004620582852865,symmetric Robin uniform source
7.179845648236798,1000.0,1000.0,0.5,0.012010373490376954,symmetric Robin uniform source
7.799851439336574,1000.0,1000.0,0.5,0.011096837465997954,symmetric Robin uniform source
8.473396986000823,1000.0,1000.0,0.5,0.01025766529834868,symmetric Robin uniform source
9.20510564089343,1000.0,1000.0,0.5,0.009487015431842686,symmetric Robin uniform source
10.0,1000.0,1000.0,0.5,0.008779511936775352,symmetric Robin uniform source
